Workbook

Sheet Returns
A1: Year | B1: Time | C1: EUNK | D1: SXR4 | E1: IUSN | F1: SYBC | G1: SYBB | H1: LYXF | I1: JGHY
A2: 2024 | B2: 0 | C2: 0.070519081 | D2: 0.051262259 | E2: 0.051492454 | F2: 0.029629375 | G2: 0.024243246 | H2: 0.023275375 | I2: 0.041267091
A3: 2025 | B3: 1 | C3: 0.070519081 | D3: 0.051262259 | E3: 0.051492454 | F3: 0.029629375 | G3: 0.024243246 | H3: 0.023275375 | I3: 0.041267091
A4: 2026 | B4: 2 | C4: 0.070519081 | D4: 0.051262259 | E4: 0.051492454 | F4: 0.029629375 | G4: 0.024243246 | H4: 0.023275375 | I4: 0.041267091
A5: 2027 | B5: 3 | C5: 0.070519081 | D5: 0.051262259 | E5: 0.051492454 | F5: 0.029629375 | G5: 0.024243246 | H5: 0.023275375 | I5: 0.041267091
A6: 2028 | B6: 4 | C6: 0.070519081 | D6: 0.051262259 | E6: 0.051492454 | F6: 0.029629375 | G6: 0.024243246 | H6: 0.023275375 | I6: 0.041267091
A7: 2029 | B7: 5 | C7: 0.070519081 | D7: 0.051262259 | E7: 0.051492454 | F7: 0.029629375 | G7: 0.024243246 | H7: 0.023275375 | I7: 0.041267091
A8: 2030 | B8: 6 | C8: 0.070519081 | D8: 0.051262259 | E8: 0.051492454 | F8: 0.029629375 | G8: 0.024243246 | H8: 0.023275375 | I8: 0.041267091
A9: 2031 | B9: 7 | C9: 0.070519081 | D9: 0.051262259 | E9: 0.051492454 | F9: 0.029629375 | G9: 0.024243246 | H9: 0.023275375 | I9: 0.041267091
A10: 2032 | B10: 8 | C10: 0.070519081 | D10: 0.051262259 | E10: 0.051492454 | F10: 0.029629375 | G10: 0.024243246 | H10: 0.023275375 | I10: 0.041267091
A11: 2033 | B11: 9 | C11: 0.070519081 | D11: 0.051262259 | E11: 0.051492454 | F11: 0.029629375 | G11: 0.024243246 | H11: 0.023275375 | I11: 0.041267091
A12: 2034 | B12: 10 | C12: 0.070519081 | D12: 0.051262259 | E12: 0.051492454 | F12: 0.029629375 | G12: 0.024243246 | H12: 0.023275375 | I12: 0.041267091
A13: 2035 | B13: 11 | C13: 0.074581406 | D13: 0.038201798 | E13: 0.046793832 | F13: 0.027927576 | G13: 0.024270785 | H13: 0.015671955 | I13: 0.041717664
... A48: 2070 | B48: 46 | C48: 0.06891205 | D48: 0.056446986 | E48: 0.053352909 | F48: 0.030301994 | G48: 0.024231238 | H48: 0.026289188 | I48: 0.041087683

Sheet Price
A1: Year | B1: Time | C1: EUNK | D1: SXR4 | E1: IUSN | F1: SYBC | G1: SYBB | H1: LYXF | I1: JGHY
A2: 2024 | B2: 0 | C2: 78.11 | D2: 579.4 | E2: 7.216 | F2: 53.97 | G2: 57.3 | H2: 185.9 | I2: 109.1
A3: 2025 | B3: 1 | C3: =Price!C2*(1+Asset_returns[[#This Row],[EUNK]]) -> 83.618245 | D3: =Price!D2*(1+Asset_returns[[#This Row],[SXR4]]) -> 609.10135 | E3: =Price!E2*(1+Asset_returns[[#This Row],[IUSN]]) -> 7.5875695 | F3: =Price!F2*(1+Asset_returns[[#This Row],[SYBC]]) -> 55.569097 | G3: =Price!G2*(1+Asset_returns[[#This Row],[SYBB]]) -> 58.689138 | H3: =Price!H2*(1+Asset_returns[[#This Row],[LYXF]]) -> 190.22689 | I3: =Price!I2*(1+Asset_returns[[#This Row],[JGHY]]) -> 113.60224
A4: 2026 | B4: 2 | C4: =Price!C3*(1+Asset_returns[[#This Row],[EUNK]]) -> 89.514927 | D4: =Price!D3*(1+Asset_returns[[#This Row],[SXR4]]) -> 640.32526 | E4: =Price!E3*(1+Asset_returns[[#This Row],[IUSN]]) -> 7.9782721 | F4: =Price!F3*(1+Asset_returns[[#This Row],[SYBC]]) -> 57.215575 | G4: =Price!G3*(1+Asset_returns[[#This Row],[SYBB]]) -> 60.111953 | H4: =Price!H3*(1+Asset_returns[[#This Row],[LYXF]]) -> 194.65449 | I4: =Price!I3*(1+Asset_returns[[#This Row],[JGHY]]) -> 118.29027
A5: 2027 | B5: 3 | C5: =Price!C4*(1+Asset_returns[[#This Row],[EUNK]]) -> 95.827438 | D5: =Price!D4*(1+Asset_returns[[#This Row],[SXR4]]) -> 673.14978 | E5: =Price!E4*(1+Asset_returns[[#This Row],[IUSN]]) -> 8.3890929 | F5: =Price!F4*(1+Asset_returns[[#This Row],[SYBC]]) -> 58.910837 | G5: =Price!G4*(1+Asset_returns[[#This Row],[SYBB]]) -> 61.569262 | H5: =Price!H4*(1+Asset_returns[[#This Row],[LYXF]]) -> 199.18515 | I5: =Price!I4*(1+Asset_returns[[#This Row],[JGHY]]) -> 123.17177
A6: 2028 | B6: 4 | C6: =Price!C5*(1+Asset_returns[[#This Row],[EUNK]]) -> 102.5851 | D6: =Price!D5*(1+Asset_returns[[#This Row],[SXR4]]) -> 707.65696 | E6: =Price!E5*(1+Asset_returns[[#This Row],[IUSN]]) -> 8.8210679 | F6: =Price!F5*(1+Asset_returns[[#This Row],[SYBC]]) -> 60.656328 | G6: =Price!G5*(1+Asset_returns[[#This Row],[SYBB]]) -> 63.061901 | H6: =Price!H5*(1+Asset_returns[[#This Row],[LYXF]]) -> 203.82126 | I6: =Price!I5*(1+Asset_returns[[#This Row],[JGHY]]) -> 128.25471
A7: 2029 | B7: 5 | C7: =Price!C6*(1+Asset_returns[[#This Row],[EUNK]]) -> 109.81931 | D7: =Price!D6*(1+Asset_returns[[#This Row],[SXR4]]) -> 743.93306 | E7: =Price!E6*(1+Asset_returns[[#This Row],[IUSN]]) -> 9.2752863 | F7: =Price!F6*(1+Asset_returns[[#This Row],[SYBC]]) -> 62.453537 | G7: =Price!G6*(1+Asset_returns[[#This Row],[SYBB]]) -> 64.590726 | H7: =Price!H6*(1+Asset_returns[[#This Row],[LYXF]]) -> 208.56528 | I7: =Price!I6*(1+Asset_returns[[#This Row],[JGHY]]) -> 133.54741
A8: 2030 | B8: 6 | C8: =Price!C7*(1+Asset_returns[[#This Row],[EUNK]]) -> 117.56366 | D8: =Price!D7*(1+Asset_returns[[#This Row],[SXR4]]) -> 782.06875 | E8: =Price!E7*(1+Asset_returns[[#This Row],[IUSN]]) -> 9.7528936 | F8: =Price!F7*(1+Asset_returns[[#This Row],[SYBC]]) -> 64.303996 | G8: =Price!G7*(1+Asset_returns[[#This Row],[SYBB]]) -> 66.156615 | H8: =Price!H7*(1+Asset_returns[[#This Row],[LYXF]]) -> 213.41971 | I8: =Price!I7*(1+Asset_returns[[#This Row],[JGHY]]) -> 139.05852
A9: 2031 | B9: 7 | C9: =Price!C8*(1+Asset_returns[[#This Row],[EUNK]]) -> 125.85415 | D9: =Price!D8*(1+Asset_returns[[#This Row],[SXR4]]) -> 822.15936 | E9: =Price!E8*(1+Asset_returns[[#This Row],[IUSN]]) -> 10.255094 | F9: =Price!F8*(1+Asset_returns[[#This Row],[SYBC]]) -> 66.209284 | G9: =Price!G8*(1+Asset_returns[[#This Row],[SYBB]]) -> 67.760466 | H9: =Price!H8*(1+Asset_returns[[#This Row],[LYXF]]) -> 218.38713 | I9: =Price!I8*(1+Asset_returns[[#This Row],[JGHY]]) -> 144.79706
A10: 2032 | B10: 8 | C10: =Price!C9*(1+Asset_returns[[#This Row],[EUNK]]) -> 134.72926 | D10: =Price!D9*(1+Asset_returns[[#This Row],[SXR4]]) -> 864.3051 | E10: =Price!E9*(1+Asset_returns[[#This Row],[IUSN]]) -> 10.783154 | F10: =Price!F9*(1+Asset_returns[[#This Row],[SYBC]]) -> 68.171023 | G10: =Price!G9*(1+Asset_returns[[#This Row],[SYBB]]) -> 69.403199 | H10: =Price!H9*(1+Asset_returns[[#This Row],[LYXF]]) -> 223.47018 | I10: =Price!I9*(1+Asset_returns[[#This Row],[JGHY]]) -> 150.77242
A11: 2033 | B11: 9 | C11: =Price!C10*(1+Asset_returns[[#This Row],[EUNK]]) -> 144.23025 | D11: =Price!D10*(1+Asset_returns[[#This Row],[SXR4]]) -> 908.61134 | E11: =Price!E10*(1+Asset_returns[[#This Row],[IUSN]]) -> 11.338405 | F11: =Price!F10*(1+Asset_returns[[#This Row],[SYBC]]) -> 70.190888 | G11: =Price!G10*(1+Asset_returns[[#This Row],[SYBB]]) -> 71.085758 | H11: =Price!H10*(1+Asset_returns[[#This Row],[LYXF]]) -> 228.67153 | I11: =Price!I10*(1+Asset_returns[[#This Row],[JGHY]]) -> 156.99435
A12: 2034 | B12: 10 | C12: =Price!C11*(1+Asset_returns[[#This Row],[EUNK]]) -> 154.40123 | D12: =Price!D11*(1+Asset_returns[[#This Row],[SXR4]]) -> 955.18881 | E12: =Price!E11*(1+Asset_returns[[#This Row],[IUSN]]) -> 11.922247 | F12: =Price!F11*(1+Asset_returns[[#This Row],[SYBC]]) -> 72.2706 | G12: =Price!G11*(1+Asset_returns[[#This Row],[SYBB]]) -> 72.809108 | H12: =Price!H11*(1+Asset_returns[[#This Row],[LYXF]]) -> 233.99394 | I12: =Price!I11*(1+Asset_returns[[#This Row],[JGHY]]) -> 163.47305
A13: 2035 | B13: 11 | C13: =Price!C12*(1+Asset_returns[[#This Row],[EUNK]]) -> 165.91669 | D13: =Price!D12*(1+Asset_returns[[#This Row],[SXR4]]) -> 991.67874 | E13: =Price!E12*(1+Asset_returns[[#This Row],[IUSN]]) -> 12.480135 | F13: =Price!F12*(1+Asset_returns[[#This Row],[SYBC]]) -> 74.288943 | G13: =Price!G12*(1+Asset_returns[[#This Row],[SYBB]]) -> 74.576242 | H13: =Price!H12*(1+Asset_returns[[#This Row],[LYXF]]) -> 237.66109 | I13: =Price!I12*(1+Asset_returns[[#This Row],[JGHY]]) -> 170.29277
A14: 2036 | B14: 12 | C14: =Price!C13*(1+Asset_returns[[#This Row],[EUNK]]) -> 178.29099 | D14: =Price!D13*(1+Asset_returns[[#This Row],[SXR4]]) -> 1029.5626 | E14: =Price!E13*(1+Asset_returns[[#This Row],[IUSN]]) -> 13.064128 | F14: =Price!F13*(1+Asset_returns[[#This Row],[SYBC]]) -> 76.363653 | G14: =Price!G13*(1+Asset_returns[[#This Row],[SYBB]]) -> 76.386266 | H14: =Price!H13*(1+Asset_returns[[#This Row],[LYXF]]) -> 241.3857 | I14: =Price!I13*(1+Asset_returns[[#This Row],[JGHY]]) -> 177.39698
... A48: 2070 | B48: 46 | C48: =Price!C47*(1+Asset_returns[[#This Row],[EUNK]]) -> 1794.8267 | D48: =Price!D47*(1+Asset_returns[[#This Row],[SXR4]]) -> 5772.911 | E48: =Price!E47*(1+Asset_returns[[#This Row],[IUSN]]) -> 72.667828 | F48: =Price!F47*(1+Asset_returns[[#This Row],[SYBC]]) -> 206.76156 | G48: =Price!G47*(1+Asset_returns[[#This Row],[SYBB]]) -> 172.46367 | H48: =Price!H47*(1+Asset_returns[[#This Row],[LYXF]]) -> 535.58815 | I48: =Price!I47*(1+Asset_returns[[#This Row],[JGHY]]) -> 700.94341
